first_name,second_name,position,team_name,cost_m,total_points,minutes,starts,goals_scored,assists,clean_sheets,points_per_game,expected_goals_per_90,expected_assists_per_90,expected_goal_involvements_per_90,expected_goals_conceded_per_90,goals_conceded_per_90,defensive_contribution_per_90,saves_per_90,points_per_90,goals_per_90,assists_per_90,points_per_million
David,Raya,GK,Arsenal,5.8000,52,900,10,0,0,7,5.2,0,0,0,0.57,0.3,0,1.6,5.2,0,0,8.965517241
Gabriel,"dos Santos Magalhaes",DEF,Arsenal,6.6000,80,900,10,1,2,7,8,0.08,0.07,0.15,0.57,0.3,9.5,0,8,0.1,0.2,12.12121212
William,Saliba,DEF,Arsenal,6.0000,38,634,8,0,0,5,4.2,0.02,0.03,0.05,0.6,0.14,7.24,0,5.394321767,0,0,6.333333333
Riccardo,Calafiori,DEF,Arsenal,5.8000,60,766,10,1,2,7,6,0.24,0.02,0.26,0.51,0.35,4.93,0,7.049608355,0.117493473,0.234986945,10.34482759
Jurrien,Timber,DEF,Arsenal,6.1000,66,791,9,2,2,6,6.6,0.24,0.07,0.31,0.53,0.34,6.49,0,7.509481669,0.227560051,0.227560051,10.81967213
Bukayo,Saka,MID,Arsenal,10.1000,33,591,7,2,0,5,4.1,0.29,0.32,0.61,0.61,0.15,6.85,0,5.025380711,0.304568528,0,3.267326733
Martin,Odegaard,MID,Arsenal,7.8000,13,201,4,0,1,1,2.2,0.06,0.36,0.42,1.06,0.45,8.51,0,5.820895522,0,0.447761194,1.666666667
Noni,Madueke,MID,Arsenal,6.8000,10,304,4,0,0,2,2,0.09,0.25,0.34,0.6,0.59,4.14,0,2.960526316,0,0,1.470588235
Gabriel,"Martinelli Silva",MID,Arsenal,6.8000,16,214,2,1,0,1,2,0.32,0.03,0.35,0.83,0,6.73,0,6.728971963,0.420560748,0,2.352941176
Leandro,Trossard,MID,Arsenal,6.9000,31,552,6,1,2,4,3.9,0.3,0.14,0.44,0.52,0.33,4.24,0,5.054347826,0.163043478,0.326086957,4.492753623
Declan,Rice,MID,Arsenal,6.8000,63,803,9,2,4,6,6.3,0.12,0.24,0.36,0.56,0.34,9.41,0,7.061021171,0.224159402,0.448318804,9.264705882
Mikel,"Merino ZazA3n",MID,Arsenal,5.9000,18,323,3,1,0,2,2,0.09,0.05,0.14,0.61,0.28,10.31,0,5.015479876,0.278637771,0,3.050847458
MartAn,"Zubimendi ",MID,Arsenal,5.5000,43,847,9,2,0,7,4.3,0.03,0.1,0.13,0.56,0.32,8.18,0,4.569067296,0.212514758,0,7.818181818
Eberechi,Eze,MID,Arsenal,7.6000,39,613,7,1,3,6,4.3,0.23,0.13,0.36,0.55,0.29,5.29,0,5.72593801,0.146818923,0.44045677,5.131578947
Cristhian,Mosquera,DEF,Arsenal,5.4000,13,292,2,0,0,1,2.2,0,0.03,0.03,0.47,0.62,8.63,0,4.006849315,0,0,2.407407407
Viktor,Gyokeres,FWD,Arsenal,9.0000,37,801,10,4,0,5,3.7,0.5,0.07,0.57,0.49,0.34,3.26,0,4.157303371,0.449438202,0,4.111111111
Emiliano,"Martinez Romero",GK,"Aston Villa",5.0000,26,720,8,0,0,2,3.2,0,0,0,1.1,0.88,0,2.12,3.25,0,0,5.2
Marco,Bizot,GK,"Aston Villa",4.3000,7,180,2,0,0,1,3.5,0,0,0,2.05,1.5,0,2,3.5,0,0,1.627906977
Matty,Cash,DEF,"Aston Villa",4.6000,46,876,10,2,0,3,4.6,0.02,0.07,0.09,1.23,0.92,6.16,0,4.726027397,0.205479452,0,10
Lucas,Digne,DEF,"Aston Villa",4.5000,33,727,9,0,2,3,3.3,0.03,0.15,0.18,1.16,0.74,4.7,0,4.085281981,0,0.247592847,7.333333333
Ezri,"Konsa Ngoyo",DEF,"Aston Villa",4.4000,27,785,9,0,0,3,3,0,0.01,0.01,1.3,1.03,5.96,0,3.095541401,0,0,6.136363636
Tyrone,Mings,DEF,"Aston Villa",4.4000,24,497,6,0,0,2,3.4,0.06,0.02,0.08,1.59,1.09,7.42,0,4.346076459,0,0,5.454545455
Pau,Torres,DEF,"Aston Villa",4.3000,19,507,5,0,0,1,2.7,0.02,0.03,0.05,1.1,1.07,7.46,0,3.372781065,0,0,4.418604651
Lamare,Bogarde,DEF,"Aston Villa",4.0000,15,282,3,0,0,1,2.5,0,0.03,0.03,1.05,0.64,2.55,0,4.787234043,0,0,3.75
Morgan,Rogers,MID,"Aston Villa",6.8000,33,891,10,1,2,3,3.3,0.06,0.09,0.15,1.3,1.01,5.96,0,3.333333333,0.101010101,0.202020202,4.852941176
Youri,Tielemans,MID,"Aston Villa",5.9000,8,315,4,0,0,1,2,0.04,0.11,0.15,1.85,1.14,6,0,2.285714286,0,0,1.355932203
Emiliano,Buendia,MID,"Aston Villa",5.3000,28,365,3,2,2,1,3.5,0.19,0.16,0.35,1.06,0.74,9.86,0,6.904109589,0.493150685,0.493150685,5.283018868
Donyell,Malen,MID,"Aston Villa",5.1000,26,323,3,2,0,0,2.6,0.25,0.04,0.29,1.29,1.67,2.79,0,7.244582043,0.557275542,0,5.098039216
John,McGinn,MID,"Aston Villa",5.4000,27,767,10,1,0,4,2.7,0.11,0.13,0.24,1.24,0.94,6.81,0,3.168187744,0.117340287,0,5
Boubacar,Kamara,MID,"Aston Villa",4.9000,21,564,7,0,2,2,2.6,0.01,0.06,0.07,1.12,0.96,9.89,0,3.35106383,0,0.319148936,4.285714286
Amadou,Onana,MID,"Aston Villa",4.8000,15,415,5,0,0,2,2.5,0.05,0.02,0.07,1.19,0.87,11.93,0,3.253012048,0,0,3.125
Ollie,Watkins,FWD,"Aston Villa",8.5000,25,786,9,1,0,4,2.5,0.22,0.04,0.26,1.3,0.92,2.98,0,2.86259542,0.114503817,0,2.941176471
Evann,Guessand,MID,"Aston Villa",6.3000,13,416,5,0,0,1,1.4,0.08,0.07,0.15,1.46,1.3,9.52,0,2.8125,0,0,2.063492063
Kyle,Walker,DEF,Burnley,4.4000,29,900,10,0,1,2,2.9,0.01,0.04,0.05,2.12,1.9,7.5,0,2.9,0,0.1,6.590909091
Hjalmar,Ekdal,DEF,Burnley,4.0000,20,533,6,0,0,1,2.9,0.03,0.03,0.06,1.91,2.03,10.13,0,3.377110694,0,0,5
Maxime,Esteve,DEF,Burnley,4.0000,25,892,10,0,0,2,2.5,0.02,0.03,0.05,2.13,1.92,9.38,0,2.522421525,0,0,6.25
Quilindschy,Hartman,DEF,Burnley,4.0000,35,897,10,0,4,2,3.5,0.01,0.13,0.14,2.07,1.71,6.92,0,3.511705686,0,0.401337793,8.75
Axel,Tuanzebe,DEF,Burnley,3.9000,13,360,4,0,0,1,3.2,0,0,0,2.24,1.5,11.5,0,3.25,0,0,3.333333333
Jaidon,Anthony,MID,Burnley,5.7000,47,806,10,4,1,3,4.7,0.25,0.07,0.32,2.08,1.67,8.04,0,5.248138958,0.446650124,0.111662531,8.245614035
Jacob,"Bruun Larsen",MID,Burnley,5.3000,15,388,4,0,1,1,1.9,0.03,0.11,0.14,1.93,2.09,4.18,0,3.479381443,0,0.231958763,2.830188679
Josh,Cullen,MID,Burnley,5.0000,43,851,10,1,1,3,4.3,0.02,0.07,0.09,2.03,1.69,11.21,0,4.547591069,0.105757932,0.105757932,8.6
Hannibal,Mejbri,MID,Burnley,4.9000,17,268,3,0,1,1,1.9,0.05,0.17,0.22,2.39,2.35,8.73,0,5.708955224,0,0.335820896,3.469387755
Josh,Laurent,MID,Burnley,4.9000,15,557,6,0,0,0,1.5,0.03,0.02,0.05,2.15,2.26,8.24,0,2.423698384,0,0,3.06122449
Loum,Tchaouna,MID,Burnley,4.9000,20,369,4,1,1,1,2.2,0.09,0.04,0.13,1.9,1.22,5.61,0,4.87804878,0.243902439,0.243902439,4.081632653
Zian,Flemming,FWD,Burnley,5.3000,20,273,3,2,0,1,2.9,0.28,0.01,0.29,2.27,1.32,4.62,0,6.593406593,0.659340659,0,3.773584906
Lyle,Foster,FWD,Burnley,5.0000,28,578,7,2,1,2,3.5,0.2,0.02,0.22,1.79,1.87,4.83,0,4.359861592,0.311418685,0.155709343,5.6
Martin,Dubravka,GK,Burnley,4.0000,33,900,10,0,0,2,3.3,0,0,0,2.12,1.9,0,4.3,3.3,0,0,8.25
Lesley,Ugochukwu,MID,Burnley,5.0000,27,518,6,2,0,2,3,0.14,0.01,0.15,2.36,1.74,8.17,0,4.691119691,0.347490347,0,5.4
"Florentino Ibrain","Morris Luis",MID,Burnley,5.0000,24,567,6,0,1,1,3.4,0.06,0.01,0.07,2.1,2.06,12.22,0,3.80952381,0,0.158730159,4.8
Aorae,Petrovic,GK,Bournemouth,4.5000,39,900,10,0,0,4,3.9,0,0,0,1.34,1.4,0,3.1,3.9,0,0,8.666666667
Marcos,"Senesi Baran",DEF,Bournemouth,5.0000,56,887,10,0,2,4,5.6,0.02,0.13,0.15,1.33,1.42,12.89,0,5.682074408,0,0.202931229,11.2
Adam,Smith,DEF,Bournemouth,4.4000,8,204,3,0,0,1,2.7,0,0.04,0.04,1.13,1.32,4.85,0,3.529411765,0,0,1.818181818
Adrien,Truffert,DEF,Bournemouth,4.5000,45,900,10,0,1,4,4.5,0.01,0.05,0.06,1.34,1.4,7.1,0,4.5,0,0.1,10
James,Hill,DEF,Bournemouth,4.0000,17,273,2,0,0,2,2.4,0.04,0.06,0.1,1.03,0.99,7.91,0,5.604395604,0,0,4.25
Justin,Kluivert,MID,Bournemouth,7.0000,16,330,3,1,0,1,1.8,0.11,0.19,0.3,1.41,1.36,5.73,0,4.363636364,0.272727273,0,2.285714286
Antoine,Semenyo,MID,Bournemouth,8.1000,75,900,10,6,4,4,7.5,0.38,0.05,0.43,1.34,1.4,7.8,0,7.5,0.6,0.4,9.259259259
Marcus,Tavernier,MID,Bournemouth,5.5000,45,766,9,2,1,5,4.5,0.12,0.15,0.27,1.14,1.17,8.11,0,5.287206266,0.234986945,0.117493473,8.181818182
Tyler,Adams,MID,Bournemouth,5.0000,35,863,10,1,1,4,3.5,0.06,0.02,0.08,1.32,1.36,12.2,0,3.650057937,0.10428737,0.10428737,7
David,Brooks,MID,Bournemouth,5.0000,20,536,7,0,1,3,2.2,0.16,0.25,0.41,1.05,1.18,7.22,0,3.358208955,0,0.167910448,4
Ryan,Christie,MID,Bournemouth,5.0000,15,199,1,1,1,0,1.9,0.35,0.03,0.38,2.19,1.81,13.12,0,6.783919598,0.452261307,0.452261307,3
Alex,Scott,MID,Bournemouth,5.0000,34,665,9,1,1,4,3.4,0.07,0.05,0.12,1.13,1.08,9.74,0,4.601503759,0.135338346,0.135338346,6.8
"Francisco Evanilson","de Lima Barbosa",FWD,Bournemouth,7.0000,23,645,7,1,1,3,2.9,0.18,0.04,0.22,0.91,1.12,4.19,0,3.209302326,0.139534884,0.139534884,3.285714286
"Eli Junior",Kroupi,FWD,Bournemouth,4.6000,29,224,3,4,0,1,4.1,0.73,0.05,0.78,1.95,2.41,5.62,0,11.65178571,1.607142857,0,6.304347826
BafodA,DiakitA,DEF,Bournemouth,4.5000,30,720,8,0,0,3,3.8,0,0.01,0.01,1.55,1.62,9,0,3.75,0,0,6.666666667
Amine,Adli,MID,Bournemouth,5.4000,7,183,1,0,0,0,1,0.05,0.04,0.09,1.87,1.48,17.21,0,3.442622951,0,0,1.296296296
Alex,"JimAnez SAnchez",DEF,Bournemouth,4.5000,9,374,5,0,0,1,1.3,0.01,0.03,0.04,1.73,1.93,5.29,0,2.165775401,0,0,2
Veljko,Milosavljevic,DEF,Bournemouth,4.5000,11,185,2,0,0,1,3.7,0,0.09,0.09,0.59,0.49,7.3,0,5.351351351,0,0,2.444444444
Dango,Ouattara,MID,Brentford,6.0000,35,550,6,2,1,2,3.9,0.42,0.06,0.48,1.15,1.31,7.69,0,5.727272727,0.327272727,0.163636364,5.833333333
CaoimhAn,Kelleher,GK,Brentford,4.5000,30,900,10,0,0,2,3,0,0,0,1.31,1.6,0,2.5,3,0,0,6.666666667
Nathan,Collins,DEF,Brentford,4.9000,30,900,10,0,0,2,3,0.03,0.04,0.07,1.31,1.6,10.1,0,3,0,0,6.12244898
Keane,Lewis-Potter,DEF,Brentford,4.9000,21,446,5,0,1,2,2.3,0.03,0.07,0.1,1.49,1.82,4.44,0,4.237668161,0,0.201793722,4.285714286
Kristoffer,Ajer,DEF,Brentford,4.4000,19,388,4,0,2,1,2.7,0.1,0.12,0.22,0.94,1.39,7.89,0,4.407216495,0,0.463917526,4.318181818
Michael,Kayode,DEF,Brentford,4.5000,30,862,10,0,0,2,3,0.01,0.13,0.14,1.34,1.57,6.16,0,3.13225058,0,0,6.666666667
Sepp,"van den Berg",DEF,Brentford,4.5000,32,900,10,0,0,2,3.2,0.1,0.02,0.12,1.31,1.6,8.8,0,3.2,0,0,7.111111111
Aaron,Hickey,DEF,Brentford,4.0000,6,184,2,0,0,0,1.2,0.01,0.03,0.04,1.1,1.47,3.91,0,2.934782609,0,0,1.5
Kevin,Schade,MID,Brentford,7.0000,32,830,9,2,2,2,3.2,0.29,0.08,0.37,1.16,1.19,6.51,0,3.469879518,0.21686747,0.21686747,4.571428571
Mikkel,Damsgaard,MID,Brentford,5.8000,31,632,8,1,1,2,3.9,0.08,0.18,0.26,1.29,1.42,8.4,0,4.414556962,0.142405063,0.142405063,5.344827586
Jordan,Henderson,MID,Brentford,5.0000,27,739,9,0,2,3,2.7,0.01,0.09,0.1,1.16,1.34,8.53,0,3.288227334,0,0.243572395,5.4
Mathias,Jensen,MID,Brentford,4.9000,20,208,2,2,0,0,2.5,0.22,0.06,0.28,1.56,2.16,11.25,0,8.653846154,0.865384615,0,4.081632653
Yehor,Yarmoliuk,MID,Brentford,5.0000,29,785,10,0,1,2,2.9,0.03,0.05,0.08,1.29,1.61,10.66,0,3.324840764,0,0.114649682,5.8
"Igor Thiago","Nascimento Rodrigues",FWD,Brentford,6.2000,47,831,10,6,0,2,4.7,0.5,0.02,0.52,1.35,1.62,5.31,0,5.090252708,0.649819495,0,7.580645161
Bart,Verbruggen,GK,Brighton,4.4000,20,900,10,0,0,1,2,0,0,0,1.25,1.5,0,2.3,2,0,0,4.545454545
Maxim,"De Cuyper",DEF,Brighton,4.3000,15,406,5,1,0,0,1.9,0.16,0.17,0.33,1.37,1.77,4.66,0,3.325123153,0.221674877,0,3.488372093
Lewis,Dunk,DEF,Brighton,4.5000,23,900,10,0,1,1,2.3,0.06,0.01,0.07,1.25,1.5,7.4,0,2.3,0,0.1,5.111111111
Ferdi,Kadioglu,DEF,Brighton,4.4000,16,644,6,0,0,1,1.8,0.04,0.09,0.13,1.24,1.54,5.31,0,2.236024845,0,0,3.636363636
"Jan Paul","van Hecke",DEF,Brighton,4.4000,35,900,10,1,0,1,3.5,0.06,0.03,0.09,1.25,1.5,9.5,0,3.5,0.1,0,7.954545455
Joel,Veltman,DEF,Brighton,4.3000,7,324,4,0,0,0,1.8,0,0,0,1.62,1.67,10,0,1.944444444,0,0,1.627906977
Mitoma,Kaoru,MID,Brighton,6.2000,20,508,6,1,1,1,3.3,0.13,0.05,0.18,1.42,1.42,3.9,0,3.543307087,0.177165354,0.177165354,3.225806452
Georginio,Rutter,MID,Brighton,5.7000,28,604,7,0,3,3,3.1,0.06,0.19,0.25,1.02,1.04,5.22,0,4.17218543,0,0.447019868,4.912280702
Yankuba,Minteh,MID,Brighton,6.0000,47,859,10,1,5,2,4.7,0.21,0.17,0.38,1.26,1.36,7.65,0,4.924330617,0.104772992,0.523864959,7.833333333
Brajan,Gruda,MID,Brighton,5.4000,19,218,2,1,1,0,2.7,0.65,0.17,0.82,1.2,1.24,8.67,0,7.844036697,0.412844037,0.412844037,3.518518519
Yasin,Ayari,MID,Brighton,4.9000,26,781,8,1,0,1,2.6,0.11,0.06,0.17,1.12,1.38,9.56,0,2.996158771,0.115236876,0,5.306122449
Carlos,Baleba,MID,Brighton,4.7000,14,570,9,0,0,3,1.4,0.02,0.02,0.04,1.21,1.11,10.42,0,2.210526316,0,0,2.978723404
Diego,Gomez,MID,Brighton,4.9000,25,454,5,2,0,1,2.8,0.33,0.03,0.36,1.13,1.39,10.7,0,4.955947137,0.396475771,0,5.102040816
James,Milner,MID,Brighton,5.0000,15,187,1,1,1,0,2.1,0.38,0.19,0.57,1.61,3.37,9.14,0,7.219251337,0.481283422,0.481283422,3
Mats,Wieffer,MID,Brighton,4.9000,33,549,6,0,3,1,4.1,0.02,0.15,0.17,0.96,1.31,14.1,0,5.409836066,0,0.491803279,6.734693878
Danny,Welbeck,FWD,Brighton,6.5000,43,625,7,6,0,1,4.3,0.6,0.07,0.67,1.25,1.87,3.31,0,6.192,0.864,0,6.615384615
Robert,"Lynch Sanchez",GK,Chelsea,4.8000,31,814,10,0,0,4,3.1,0,0,0,1.31,1.22,0,1.99,3.427518428,0,0,6.458333333
Marc,"Cucurella Saseta",DEF,Chelsea,6.1000,43,806,9,0,2,4,4.3,0.04,0.15,0.19,1.37,1.12,6.92,0,4.801488834,0,0.223325062,7.049180328
Reece,James,DEF,Chelsea,5.5000,45,693,7,1,3,3,4.5,0.06,0.19,0.25,1.61,1.17,6.23,0,5.844155844,0.12987013,0.38961039,8.181818182
Trevoh,Chalobah,DEF,Chelsea,5.1000,49,750,9,2,1,4,5.4,0.09,0.07,0.16,1.1,1.2,9.24,0,5.88,0.24,0.12,9.607843137
Malo,Gusto,DEF,Chelsea,4.9000,24,473,5,0,1,3,3,0.01,0.07,0.08,1.51,0.95,4.57,0,4.566596195,0,0.190274841,4.897959184
Wesley,Fofana,DEF,Chelsea,4.4000,9,217,3,0,0,1,2.2,0,0,0,1.05,1.24,7.47,0,3.732718894,0,0,2.045454545
Tosin,Adarabioyo,DEF,Chelsea,4.3000,14,377,3,0,0,1,2,0.01,0.02,0.03,1.29,1.43,9.31,0,3.342175066,0,0,3.255813953
Josh,Acheampong,DEF,Chelsea,3.9000,27,348,4,1,0,2,5.4,0.16,0.01,0.17,1.95,1.29,6.21,0,6.982758621,0.25862069,0,6.923076923
Pedro,"Lomba Neto",MID,Chelsea,7.1000,43,753,10,2,2,4,4.3,0.17,0.21,0.38,1.1,0.72,4.3,0,5.139442231,0.239043825,0.239043825,6.056338028
Enzo,Fernandez,MID,Chelsea,6.7000,45,798,9,3,2,3,5,0.49,0.13,0.62,1.27,1.24,6.2,0,5.07518797,0.338345865,0.22556391,6.71641791
Estevao,Almeida,MID,Chelsea,6.5000,25,311,4,1,2,2,2.8,0.51,0.38,0.89,0.58,0.58,8.1,0,7.234726688,0.289389068,0.578778135,3.846153846
Jamie,Bynoe-Gittens,MID,Chelsea,6.1000,8,241,2,0,0,0,1,0.24,0.07,0.31,1.73,0.75,5.6,0,2.987551867,0,0,1.31147541
Moises,"Caicedo Corozo",MID,Chelsea,6.0000,58,855,9,3,1,3,5.8,0.06,0.07,0.13,1.38,1.16,13.26,0,6.105263158,0.315789474,0.105263158,9.666666667
Andrey,"Nascimento dos Santos",MID,Chelsea,4.5000,6,220,2,0,0,0,0.9,0.29,0.02,0.31,1.18,0.82,9.41,0,2.454545455,0,0,1.333333333
Joao,Pedro,FWD,Chelsea,7.4000,52,847,10,3,3,4,5.2,0.36,0.06,0.42,1.31,0.96,4.78,0,5.525383707,0.318772137,0.318772137,7.027027027
Alejandro,"Garnacho Ferreyra",MID,Chelsea,6.4000,13,252,4,1,0,1,2.6,0.11,0.25,0.36,1.38,1.07,5.71,0,4.642857143,0.357142857,0,2.03125
Dean,Henderson,GK,"Crystal Palace",5.0000,36,900,10,0,0,4,3.6,0,0.01,0.01,1.25,0.9,0,2.2,3.6,0,0,7.2
Daniel,Munoz,DEF,"Crystal Palace",5.7000,54,900,10,1,3,4,5.4,0.09,0.18,0.27,1.25,0.9,7.4,0,5.4,0.1,0.3,9.473684211
Maxence,Lacroix,DEF,"Crystal Palace",5.0000,50,900,10,0,1,4,5,0.03,0.02,0.05,1.25,0.9,11,0,5,0,0.1,10
Tyrick,Mitchell,DEF,"Crystal Palace",5.0000,44,900,10,1,0,4,4.4,0.04,0.06,0.1,1.25,0.9,7.8,0,4.4,0.1,0,8.8
Marc,Guehi,DEF,"Crystal Palace",5.0000,64,900,10,1,3,4,6.4,0.09,0.1,0.19,1.25,0.9,8.5,0,6.4,0.1,0.3,12.8
Chris,Richards,DEF,"Crystal Palace",4.5000,44,900,10,0,0,4,4.4,0.04,0.08,0.12,1.25,0.9,10.5,0,4.4,0,0,9.777777778
Ismaila,Sarr,MID,"Crystal Palace",6.6000,43,702,8,3,1,4,5.4,0.46,0.04,0.5,1.29,0.77,6.92,0,5.512820513,0.384615385,0.128205128,6.515151515
Will,Hughes,MID,"Crystal Palace",4.8000,13,439,5,0,0,3,1.6,0.03,0.12,0.15,1.01,0.62,8.2,0,2.665148064,0,0,2.708333333
Daichi,Kamada,MID,"Crystal Palace",5.0000,29,676,8,0,2,3,3.6,0.07,0.13,0.2,1.23,0.93,9.72,0,3.860946746,0,0.266272189,5.8
Jefferson,"Lerma SolAs",MID,"Crystal Palace",4.9000,19,270,2,0,2,2,2.1,0.19,0.03,0.22,1.17,0.67,10.67,0,6.333333333,0,0.666666667,3.87755102
Adam,Wharton,MID,"Crystal Palace",5.0000,23,631,8,0,1,2,2.9,0.03,0.25,0.28,1.38,1.14,8.56,0,3.280507132,0,0.142630745,4.6
Jean-Philippe,Mateta,FWD,"Crystal Palace",7.9000,48,869,10,6,0,5,4.8,0.84,0.05,0.89,1.1,0.72,4.97,0,4.9712313,0.621403913,0,6.075949367
YAremy,"Pino Santos",MID,"Crystal Palace",5.8000,14,505,7,0,0,3,1.8,0.22,0.15,0.37,1.14,0.71,6.95,0,2.495049505,0,0,2.413793103
Kiernan,Dewsbury-Hall,MID,Everton,4.9000,26,797,9,1,1,2,2.9,0.08,0.23,0.31,1.46,1.36,5.42,0,2.936010038,0.112923463,0.112923463,5.306122449
Jordan,Pickford,GK,Everton,5.5000,35,900,10,0,0,2,3.5,0,0.01,0.01,1.54,1.3,0,2.5,3.5,0,0,6.363636364
James,Tarkowski,DEF,Everton,5.5000,38,900,10,0,0,2,3.8,0.02,0.05,0.07,1.54,1.3,10.7,0,3.8,0,0,6.909090909
Vitalii,Mykolenko,DEF,Everton,4.9000,11,625,7,0,0,0,1.6,0.01,0.06,0.07,1.5,1.73,6.91,0,1.584,0,0,2.244897959
Jake,O'Brien,DEF,Everton,4.9000,27,867,10,0,0,2,2.7,0.04,0.02,0.06,1.56,1.25,6.64,0,2.802768166,0,0,5.510204082
Michael,Keane,DEF,Everton,4.5000,41,874,10,1,0,2,4.1,0.09,0.01,0.1,1.55,1.34,10.5,0,4.221967963,0.102974828,0,9.111111111
Iliman,Ndiaye,MID,Everton,6.5000,52,824,10,4,1,2,5.2,0.28,0.24,0.52,1.37,1.42,10.59,0,5.67961165,0.436893204,0.109223301,8
Carlos,"Alcaraz DurA?n",MID,Everton,5.2000,8,242,2,0,0,0,1,0.06,0.03,0.09,2.11,1.49,8.55,0,2.975206612,0,0,1.538461538
"Idrissa Gana",Gueye,MID,Everton,5.4000,32,859,10,1,0,2,3.2,0.09,0.06,0.15,1.41,1.15,9.43,0,3.352735739,0.104772992,0,5.925925926
James,Garner,MID,Everton,5.0000,39,900,10,1,1,2,3.9,0.08,0.12,0.2,1.54,1.3,11.3,0,3.9,0.1,0.1,7.8
Tim,Iroegbunam,MID,Everton,4.9000,13,271,3,0,1,3,1.9,0.05,0,0.05,1.6,0.33,12.29,0,4.317343173,0,0.332103321,2.653061224
Thierno,Barry,FWD,Everton,5.7000,10,302,3,0,0,1,1,0.3,0.01,0.31,1.54,1.19,2.98,0,2.98013245,0,0,1.754385965
"Norberto Bercique","Gomes Betuncal",FWD,Everton,5.2000,20,595,7,1,0,1,2,0.56,0.02,0.58,1.58,1.36,4.54,0,3.025210084,0.151260504,0,3.846153846
Jack,Grealish,MID,Everton,6.9000,40,736,8,1,4,2,4.4,0.13,0.27,0.4,1.47,1.35,8.8,0,4.891304348,0.122282609,0.489130435,5.797101449
Bernd,Leno,GK,Fulham,5.0000,32,900,10,0,0,2,3.2,0,0,0,1.33,1.4,0,3,3.2,0,0,6.4
Joachim,Andersen,DEF,Fulham,4.5000,36,761,9,0,0,2,4,0.06,0.11,0.17,1.17,1.3,10.53,0,4.257555848,0,0,8
Calvin,Bassey,DEF,Fulham,4.5000,26,818,9,0,0,2,2.6,0.02,0.01,0.03,1.32,1.43,6.38,0,2.860635697,0,0,5.777777778
Timothy,Castagne,DEF,Fulham,4.4000,10,397,5,0,0,0,1.4,0.1,0.03,0.13,1.87,2.27,7.71,0,2.267002519,0,0,2.272727273
Issa,Diop,DEF,Fulham,4.4000,4,223,2,0,0,0,1.3,0,0.01,0.01,1.64,2.02,8.07,0,1.614349776,0,0,0.909090909
Kenny,Tete,DEF,Fulham,4.5000,23,630,7,0,0,2,3.3,0.02,0.07,0.09,1.32,1,7,0,3.285714286,0,0,5.111111111
Alex,Iwobi,MID,Fulham,6.5000,38,809,10,1,2,2,3.8,0.06,0.17,0.23,1.35,1.45,6.34,0,4.227441286,0.111248455,0.22249691,5.846153846
Emile,"Smith Rowe",MID,Fulham,5.6000,15,213,1,1,0,0,1.5,0.43,0.05,0.48,1.27,0.85,4.23,0,6.338028169,0.422535211,0,2.678571429
Adama,"Traore Diarra",MID,Fulham,5.2000,10,227,1,0,0,0,1.2,0.06,0.21,0.27,1.63,1.98,4.76,0,3.964757709,0,0,1.923076923
Ryan,Sessegnon,MID,Fulham,5.4000,43,746,9,2,2,2,4.8,0.08,0.09,0.17,1.4,1.57,10.01,0,5.18766756,0.241286863,0.241286863,7.962962963
Harry,Wilson,MID,Fulham,5.2000,33,594,7,2,1,2,3.7,0.17,0.07,0.24,0.92,0.91,7.27,0,5,0.303030303,0.151515152,6.346153846
Sander,Berge,MID,Fulham,4.9000,25,868,10,0,1,2,2.5,0.06,0.04,0.1,1.34,1.45,7.57,0,2.592165899,0,0.103686636,5.102040816
Tom,Cairney,MID,Fulham,4.9000,8,196,1,0,0,0,1.1,0.2,0.04,0.24,1.5,2.3,5.97,0,3.673469388,0,0,1.632653061
SaAia,LukiA,MID,Fulham,5.0000,27,632,8,1,2,1,3.4,0.19,0.14,0.33,1.37,1.28,8.4,0,3.844936709,0.142405063,0.284810127,5.4
Josh,King,MID,Fulham,4.5000,18,614,9,0,0,2,1.8,0.12,0.05,0.17,1.42,1.47,6.3,0,2.638436482,0,0,4
Raul,Jimenez,FWD,Fulham,6.2000,24,392,5,1,2,1,2.7,0.28,0.06,0.34,1.28,0.92,5.28,0,5.510204082,0.229591837,0.459183673,3.870967742
Rodrigo,"Muniz Carvalho",FWD,Fulham,5.4000,16,332,4,1,1,1,2.7,0.24,0,0.24,1.5,1.08,5.15,0,4.337349398,0.271084337,0.271084337,2.962962963
Kevin,"Santos Lopes de Macedo",MID,Fulham,6.0000,8,228,1,0,0,1,1.1,0.02,0.08,0.1,1.17,1.58,9.08,0,3.157894737,0,0,1.333333333
Karl,Darlow,GK,Leeds,4.0000,10,450,5,0,0,0,2,0,0,0,0.89,1.6,0,2.6,2,0,0,2.5
Jayden,Bogle,DEF,Leeds,4.5000,27,868,10,0,1,2,2.7,0.07,0.04,0.11,1.12,1.66,6.74,0,2.799539171,0,0.103686636,6
Pascal,Struijk,DEF,Leeds,4.4000,24,720,8,0,0,2,3,0.1,0.01,0.11,1.04,1.62,7.88,0,3,0,0,5.454545455
Jaka,Bijol,DEF,Leeds,3.9000,5,180,2,0,0,0,2.5,0,0,0,1.86,2,8.5,0,2.5,0,0,1.282051282
Gabriel,Gudmundsson,DEF,Leeds,4.0000,26,830,10,0,0,2,2.6,0.02,0.11,0.13,1.24,1.73,7.05,0,2.819277108,0,0,6.5
Joe,Rodon,DEF,Leeds,4.1000,45,900,10,2,0,2,4.5,0.07,0.01,0.08,1.2,1.7,8.6,0,4.5,0.2,0,10.97560976
Brenden,Aaronson,MID,Leeds,5.4000,34,636,7,1,2,2,3.4,0.23,0.2,0.43,1.22,1.27,7.64,0,4.811320755,0.141509434,0.283018868,6.296296296
Wilfried,Gnonto,MID,Leeds,5.2000,6,191,3,0,0,1,1.5,0.08,0.03,0.11,1.17,2.36,8.01,0,2.827225131,0,0,1.153846154
Jack,Harrison,MID,Leeds,5.2000,10,253,1,0,0,0,1.1,0.1,0.08,0.18,1.03,1.42,8.54,0,3.557312253,0,0,1.923076923
Daniel,James,MID,Leeds,5.3000,10,268,3,0,0,1,1.4,0.14,0.17,0.31,1.58,2.69,3.69,0,3.358208955,0,0,1.886792453
Ethan,Ampadu,MID,Leeds,4.9000,22,697,8,0,0,1,2.8,0.05,0.02,0.07,1.09,1.55,11.75,0,2.840746055,0,0,4.489795918
Ilia,Gruev,MID,Leeds,4.8000,7,211,2,0,0,1,1.4,0,0,0,1.65,2.56,7.68,0,2.985781991,0,0,1.458333333
Tanaka,Ao,MID,Leeds,4.8000,13,320,4,0,0,2,1.6,0.04,0.03,0.07,1.43,1.69,7.88,0,3.65625,0,0,2.708333333
Lukas,Nmecha,FWD,Leeds,5.0000,15,199,1,1,0,1,1.5,0.83,0.02,0.85,1.5,2.71,6.33,0,6.783919598,0.452261307,0,3
Sean,Longstaff,MID,Leeds,4.9000,37,714,8,1,2,1,3.7,0.09,0.12,0.21,1.01,1.39,9.58,0,4.663865546,0.12605042,0.25210084,7.551020408
Anton,Stach,MID,Leeds,5.0000,36,708,8,1,2,2,4,0.11,0.08,0.19,1.23,1.91,8.14,0,4.576271186,0.127118644,0.254237288,7.2
"Lucas Estella",Perri,GK,Leeds,4.5000,15,450,5,0,0,2,3,0,0,0,1.52,1.8,0,1.8,3,0,0,3.333333333
Dominic,Calvert-Lewin,FWD,Leeds,5.5000,24,598,7,1,1,2,3,0.27,0.07,0.34,1,1.2,3.01,0,3.612040134,0.150501672,0.150501672,4.363636364
Noah,Okafor,MID,Leeds,5.5000,27,425,6,2,1,1,3.9,0.29,0.08,0.37,1.37,1.69,7.41,0,5.717647059,0.423529412,0.211764706,4.909090909
Alisson,Becker,GK,Liverpool,5.4000,20,540,6,0,0,2,3.3,0,0,0,1.14,1.17,0,1.5,3.333333333,0,0,3.703703704
Giorgi,Mamardashvili,GK,Liverpool,4.3000,12,360,4,0,0,1,3,0,0,0,1.38,1.75,0,3.5,3,0,0,2.790697674
Milos,Kerkez,DEF,Liverpool,5.7000,20,660,9,1,0,1,2.2,0.1,0.02,0.12,1.34,1.5,7.09,0,2.727272727,0.136363636,0,3.50877193
Andrew,Robertson,DEF,Liverpool,5.8000,11,236,1,0,0,1,2.2,0.08,0.2,0.28,0.98,1.14,6.1,0,4.194915254,0,0,1.896551724
Virgil,"van Dijk",DEF,Liverpool,6.0000,40,900,10,0,0,3,4,0.04,0.02,0.06,1.24,1.4,11.6,0,4,0,0,6.666666667
Ibrahima,Konate,DEF,Liverpool,5.4000,38,832,10,0,0,3,3.8,0.08,0.04,0.12,1.16,1.3,9.41,0,4.110576923,0,0,7.037037037
Conor,Bradley,DEF,Liverpool,5.0000,15,447,6,0,1,1,1.9,0.01,0.05,0.06,1.31,1.61,4.83,0,3.020134228,0,0.201342282,3
Mohamed,Salah,MID,Liverpool,14.2000,52,894,10,4,2,3,5.2,0.33,0.13,0.46,1.2,1.41,3.52,0,5.234899329,0.402684564,0.201342282,3.661971831
Florian,Wirtz,MID,Liverpool,8.0000,17,604,6,0,0,2,1.7,0.18,0.16,0.34,1.41,1.34,6.71,0,2.533112583,0,0,2.125
Cody,Gakpo,MID,Liverpool,7.6000,45,795,9,3,2,3,4.5,0.34,0.23,0.57,1.12,1.47,5.55,0,5.094339623,0.339622642,0.226415094,5.921052632
Alexis,"Mac Allister",MID,Liverpool,6.3000,24,564,8,0,2,2,2.7,0.1,0.06,0.16,1.02,0.8,7.66,0,3.829787234,0,0.319148936,3.80952381
Dominik,Szoboszlai,MID,Liverpool,6.5000,43,900,10,1,1,3,4.3,0.13,0.11,0.24,1.24,1.4,12,0,4.3,0.1,0.1,6.615384615
Curtis,Jones,MID,Liverpool,5.4000,13,322,2,0,1,0,1.6,0.09,0.27,0.36,1.75,2.52,11.18,0,3.633540373,0,0.279503106,2.407407407
Ryan,Gravenberch,MID,Liverpool,5.6000,50,691,8,3,2,3,6.2,0.07,0.07,0.14,0.95,1.04,8.86,0,6.512301013,0.390738061,0.260492041,8.928571429
Alexander,Isak,FWD,Liverpool,10.4000,10,250,3,0,1,0,2.5,0.34,0.01,0.35,1.2,1.08,3.96,0,3.6,0,0.36,0.961538462
Hugo,Ekitike,FWD,Liverpool,8.6000,38,575,7,3,1,3,4.2,0.36,0.04,0.4,1.25,1.25,5.01,0,5.947826087,0.469565217,0.156521739,4.418604651
James,Trafford,GK,"Man City",4.7000,11,270,3,0,0,1,3.7,0,0,0,1.32,1.33,0,3.67,3.666666667,0,0,2.340425532
Rayan,"AA t-Nouri",DEF,"Man City",5.8000,11,203,3,0,0,1,2.8,0.02,0.21,0.23,1.31,0.89,10.2,0,4.876847291,0,0,1.896551724
Joako,Gvardiol,DEF,"Man City",5.9000,28,519,6,0,1,2,4.7,0.03,0.05,0.08,0.91,0.69,6.59,0,4.855491329,0,0.173410405,4.745762712
Nathan,Ake,DEF,"Man City",5.3000,10,201,1,0,0,1,2,0.13,0.08,0.21,0.97,1.34,5.82,0,4.47761194,0,0,1.886792453
Abdukodir,Khusanov,DEF,"Man City",5.4000,11,227,3,0,0,1,2.8,0,0.01,0.01,1.24,0.4,8.72,0,4.36123348,0,0,2.037037037
Matheus,Nunes,DEF,"Man City",5.3000,32,603,6,1,1,2,4,0.03,0.05,0.08,0.83,0.75,6.27,0,4.776119403,0.149253731,0.149253731,6.037735849
RAoben,"dos Santos Gato Alves Dias",DEF,"Man City",5.5000,39,815,9,0,0,4,3.9,0.01,0.02,0.03,0.98,0.77,7.73,0,4.306748466,0,0,7.090909091
John,Stones,DEF,"Man City",5.5000,11,324,4,0,0,1,2.2,0,0.02,0.02,1.27,1.67,4.72,0,3.055555556,0,0,2
Nico,O'Reilly,DEF,"Man City",4.9000,40,593,6,1,1,4,4.4,0.12,0.09,0.21,1.03,0.46,7.59,0,6.070826307,0.151770658,0.151770658,8.163265306
Phil,Foden,MID,"Man City",8.0000,28,621,7,1,1,4,3.5,0.16,0.21,0.37,0.89,0.43,7.83,0,4.057971014,0.144927536,0.144927536,3.5
Savio,"Moreira de Oliveira",MID,"Man City",6.9000,15,351,4,0,1,2,2.1,0.07,0.17,0.24,1.13,0.77,6.41,0,3.846153846,0,0.256410256,2.173913043
Bernardo,"Mota Veiga de Carvalho e Silva",MID,"Man City",6.3000,20,550,6,0,1,2,2,0.02,0.2,0.22,0.95,0.65,9.16,0,3.272727273,0,0.163636364,3.174603175
Jeremy,Doku,MID,"Man City",6.4000,33,544,6,0,4,3,3.3,0.16,0.32,0.48,0.86,0.5,4.63,0,5.459558824,0,0.661764706,5.15625
"Rodrigo 'Rodri'","Hernandez Cascante",MID,"Man City",6.3000,12,292,4,0,0,1,2,0.04,0.07,0.11,1.17,0.92,12.33,0,3.698630137,0,0,1.904761905
Nico,Gonzalez,MID,"Man City",5.9000,20,554,5,0,0,3,2.2,0.04,0.07,0.11,0.96,0.81,12.35,0,3.249097473,0,0,3.389830508
Oscar,Bobb,MID,"Man City",5.4000,18,451,5,0,1,2,2.2,0.07,0.18,0.25,1.02,1,5.59,0,3.592017738,0,0.199556541,3.333333333
Tijjani,Reijnders,MID,"Man City",5.5000,34,757,9,1,2,3,3.4,0.17,0.07,0.24,1.08,0.83,5.71,0,4.042272127,0.118890357,0.237780713,6.181818182
Erling,Haaland,FWD,"Man City",14.8000,98,854,10,13,1,5,9.8,1.07,0.06,1.13,1,0.74,3.58,0,10.32786885,1.370023419,0.105386417,6.621621622
Gianluigi,Donnarumma,GK,"Man City",5.7000,25,630,7,0,0,3,3.6,0,0,0,0.86,0.57,0,1.86,3.571428571,0,0,4.385964912
Bryan,Mbeumo,MID,"Man United",8.4000,53,865,10,4,1,2,5.3,0.31,0.26,0.57,1.58,1.56,3.75,0,5.514450867,0.416184971,0.104046243,6.30952381
Altay,BayAndAr,GK,"Man United",4.8000,11,540,6,0,0,0,1.8,0,0.01,0.01,1.54,1.83,0,2.17,1.833333333,0,0,2.291666667
Matthijs,"de Ligt",DEF,"Man United",5.0000,30,900,10,0,0,1,3,0.09,0.05,0.14,1.58,1.6,8.3,0,3,0,0,6
Diogo,"Dalot Teixeira",DEF,"Man United",4.4000,22,582,7,0,2,1,2.8,0.01,0.13,0.14,1.7,1.86,6.03,0,3.402061856,0,0.309278351,5
Patrick,Dorgu,DEF,"Man United",4.3000,11,543,5,0,1,0,1.2,0.09,0.1,0.19,1.8,1.82,6.46,0,1.82320442,0,0.165745856,2.558139535
Harry,Maguire,DEF,"Man United",4.4000,27,270,3,1,1,1,3.9,0.11,0.01,0.12,2.07,1.33,7.67,0,9,0.333333333,0.333333333,6.136363636
Luke,Shaw,DEF,"Man United",4.5000,27,843,10,0,1,2,2.7,0.01,0.02,0.03,1.55,1.39,4.91,0,2.882562278,0,0.106761566,6
Leny,Yoro,DEF,"Man United",4.4000,23,620,7,0,1,1,2.3,0.04,0.01,0.05,1.42,1.74,7.4,0,3.338709677,0,0.14516129,5.227272727
Bruno,Fernandes,MID,"Man United",8.9000,45,890,10,2,2,1,4.5,0.44,0.18,0.62,1.55,1.62,10.72,0,4.550561798,0.202247191,0.202247191,5.056179775
Matheus,"Santos Carneiro da Cunha",MID,"Man United",7.9000,23,612,7,1,0,0,2.6,0.23,0.13,0.36,1.65,1.47,7.94,0,3.382352941,0.147058824,0,2.911392405
Amad,Diallo,MID,"Man United",6.3000,29,663,8,1,2,2,3.2,0.28,0.16,0.44,1.29,1.09,9.37,0,3.936651584,0.135746606,0.271493213,4.603174603
Mason,Mount,MID,"Man United",5.9000,21,331,5,1,0,3,3,0.14,0.14,0.28,1.13,0.82,5.71,0,5.709969789,0.271903323,0,3.559322034
"Carlos Henrique",Casimiro,MID,"Man United",5.5000,42,546,8,3,2,2,4.7,0.21,0.06,0.27,1.21,0.99,11.21,0,6.923076923,0.494505495,0.32967033,7.636363636
Manuel,"Ugarte Ribeiro",MID,"Man United",4.8000,12,281,2,0,0,0,1.5,0.02,0.01,0.03,2.47,2.88,14.73,0,3.84341637,0,0,2.5
Benjamin,Sesko,FWD,"Man United",7.3000,30,584,6,2,1,1,3,0.3,0.02,0.32,1.65,1.7,4.16,0,4.623287671,0.308219178,0.154109589,4.109589041
Senne,Lammens,GK,"Man United",5.0000,15,360,4,0,0,1,3.8,0,0,0,1.63,1.25,0,3,3.75,0,0,3
Nick,Pope,GK,Newcastle,5.2000,49,900,10,0,1,5,4.9,0,0,0,0.92,1.1,0,3.3,4.9,0,0.1,9.423076923
Fabian,Schar,DEF,Newcastle,5.4000,25,424,4,0,0,3,4.2,0.02,0.02,0.04,0.72,0.64,10.19,0,5.306603774,0,0,4.62962963
Sven,Botman,DEF,Newcastle,4.9000,28,552,7,0,0,3,3.5,0.02,0.04,0.06,1.01,1.14,8.48,0,4.565217391,0,0,5.714285714
Dan,Burn,DEF,Newcastle,5.2000,48,900,10,0,1,5,4.8,0,0.02,0.02,0.92,1.1,7.3,0,4.8,0,0.1,9.230769231
Tino,Livramento,DEF,Newcastle,4.9000,37,526,6,0,1,5,6.2,0,0.06,0.06,0.73,0.51,3.08,0,6.330798479,0,0.171102662,7.551020408
Kieran,Trippier,DEF,Newcastle,5.0000,30,609,7,0,0,4,3.8,0,0.13,0.13,0.72,1.03,4.14,0,4.433497537,0,0,6
Anthony,Gordon,MID,Newcastle,7.5000,12,461,7,0,0,3,1.7,0.26,0.13,0.39,0.89,1.37,4.49,0,2.342733189,0,0,1.6
Anthony,Elanga,MID,Newcastle,6.7000,15,398,4,0,0,2,1.5,0.18,0.09,0.27,0.86,1.58,2.94,0,3.391959799,0,0,2.23880597
Harvey,Barnes,MID,Newcastle,6.3000,15,388,3,0,0,2,1.5,0.17,0.22,0.39,0.74,1.16,3.71,0,3.479381443,0,0,2.380952381
Bruno,"Guimaraes Rodriguez Moura",MID,Newcastle,6.6000,46,805,9,3,2,4,5.1,0.17,0.11,0.28,0.96,1.23,8.61,0,5.142857143,0.335403727,0.223602484,6.96969697
Jacob,Murphy,MID,Newcastle,6.1000,34,490,6,2,1,4,3.8,0.39,0.15,0.54,0.98,0.73,3.49,0,6.244897959,0.367346939,0.183673469,5.573770492
"Joelinton CAssio","ApolinArio de Lira",MID,Newcastle,5.9000,20,626,8,0,0,3,2.5,0.09,0.06,0.15,1,1.15,9.35,0,2.875399361,0,0,3.389830508
Sandro,Tonali,MID,Newcastle,5.4000,28,793,9,0,1,5,2.8,0.05,0.12,0.17,0.83,0.91,7.6,0,3.177805801,0,0.113493064,5.185185185
Lewis,Miley,MID,Newcastle,4.4000,13,272,2,0,1,1,1.9,0.01,0.11,0.12,0.88,0.99,8.6,0,4.301470588,0,0.330882353,2.954545455
William,Osula,FWD,Newcastle,5.5000,18,213,1,1,1,1,1.8,0.27,0.01,0.28,1.38,1.69,3.38,0,7.605633803,0.422535211,0.422535211,3.272727273
Malick,Thiaw,DEF,Newcastle,4.9000,23,542,6,0,0,2,3.3,0.12,0.05,0.17,1.22,1.49,8.47,0,3.819188192,0,0,4.693877551
Nick,Woltemade,FWD,Newcastle,7.5000,35,523,7,4,0,4,5,0.52,0.04,0.56,0.93,0.86,4.3,0,6.022944551,0.68833652,0,4.666666667
Oleksandr,Zinchenko,DEF,"Nottingham Forest",4.9000,5,253,3,0,0,0,1.7,0.01,0.11,0.12,1.23,1.42,7.47,0,1.778656126,0,0,1.020408163
Matz,Sels,GK,"Nottingham Forest",4.8000,21,900,10,0,0,0,2.1,0,0,0,1.56,1.9,0,3.5,2.1,0,0,4.375
Nikola,MilenkoviA,DEF,"Nottingham Forest",5.2000,15,900,10,0,0,0,1.5,0.06,0.02,0.08,1.56,1.9,6.2,0,1.5,0,0,2.884615385
Murillo,"Costa dos Santos",DEF,"Nottingham Forest",5.3000,12,559,7,0,0,0,1.7,0.01,0.04,0.05,1.46,1.93,8.69,0,1.932021467,0,0,2.264150943
Ola,Aina,DEF,"Nottingham Forest",4.7000,6,270,3,0,0,0,2,0.01,0.11,0.12,1.67,1.67,7.33,0,2,0,0,1.276595745
Neco,Williams,DEF,"Nottingham Forest",4.7000,18,900,10,1,0,0,1.8,0.09,0.05,0.14,1.56,1.9,5.7,0,1.8,0.1,0,3.829787234
Felipe,"Rodrigues da Silva",DEF,"Nottingham Forest",4.4000,7,436,5,0,0,0,1.4,0.01,0.01,0.02,1.44,1.86,8.05,0,1.444954128,0,0,1.590909091
Morgan,Gibbs-White,MID,"Nottingham Forest",7.3000,30,819,9,1,1,0,3,0.2,0.1,0.3,1.65,1.87,5.49,0,3.296703297,0.10989011,0.10989011,4.109589041
Callum,Hudson-Odoi,MID,"Nottingham Forest",5.8000,22,567,6,1,0,0,2.2,0.1,0.17,0.27,1.75,1.9,3.97,0,3.492063492,0.158730159,0,3.793103448
Elliot,Anderson,MID,"Nottingham Forest",5.3000,32,900,10,0,1,0,3.2,0.08,0.13,0.21,1.56,1.9,12.8,0,3.2,0,0.1,6.037735849
Ibrahim,SangarA,MID,"Nottingham Forest",4.9000,13,442,5,0,0,0,1.9,0.06,0.02,0.08,1.58,1.83,10.18,0,2.647058824,0,0,2.653061224
Ryan,Yates,MID,"Nottingham Forest",4.7000,10,209,1,0,1,0,1.7,0.03,0.07,0.1,0.96,1.72,9.47,0,4.306220096,0,0.43062201,2.127659574
Chris,Wood,FWD,"Nottingham Forest",7.2000,25,538,7,2,0,1,3.1,0.47,0.02,0.49,1.31,1.34,2.34,0,4.182156134,0.334572491,0,3.472222222
"Igor Jesus","Maciel da Cruz",FWD,"Nottingham Forest",5.8000,13,268,2,0,1,0,1.4,0.42,0.03,0.45,2.39,3.36,5.37,0,4.365671642,0,0.335820896,2.24137931
Dan,Ndoye,MID,"Nottingham Forest",5.7000,27,665,9,1,1,0,3,0.03,0.09,0.12,1.23,1.62,6.77,0,3.654135338,0.135338346,0.135338346,4.736842105
"Douglas Luiz","Soares de Paulo",MID,"Nottingham Forest",5.0000,7,185,4,0,1,0,1.8,0.01,0.23,0.24,1.1,2.43,7.78,0,3.405405405,0,0.486486486,1.4
NicolA,Savona,DEF,"Nottingham Forest",4.5000,10,339,3,1,0,0,2,0.21,0.02,0.23,1.63,2.39,6.11,0,2.654867257,0.265486726,0,2.222222222
Daniel,Ballard,DEF,Southampton,4.6000,39,489,5,1,0,2,4.9,0.16,0.06,0.22,0.89,0.55,13.44,0,7.17791411,0.18404908,0,8.47826087
Trai,Hume,DEF,Southampton,4.5000,40,888,10,0,1,4,4,0.05,0.05,0.1,1.11,0.81,5.88,0,4.054054054,0,0.101351351,8.888888889
Reinildo,Mandava,DEF,Southampton,4.0000,18,572,7,0,0,2,2.6,0.01,0.01,0.02,1.03,0.94,7.55,0,2.832167832,0,0,4.5
Simon,Adingra,MID,Southampton,5.1000,13,271,4,0,1,2,2.2,0.05,0.08,0.13,1.01,1.33,5.31,0,4.317343173,0,0.332103321,2.549019608
Habib,Diarra,MID,Southampton,5.3000,12,345,4,0,1,2,3,0.13,0.02,0.15,1.01,0.52,3.91,0,3.130434783,0,0.260869565,2.264150943
Enzo,"Le FAe",MID,Southampton,4.9000,32,629,7,1,1,2,3.6,0.13,0.06,0.19,1.14,1,10.73,0,4.578696343,0.143084261,0.143084261,6.530612245
Chris,Rigg,MID,Southampton,4.8000,8,186,3,0,0,1,1.3,0.06,0.03,0.09,0.62,0,5.81,0,3.870967742,0,0,1.666666667
Noah,Sadiki,MID,Southampton,5.0000,22,893,10,0,0,4,2.2,0.01,0.06,0.07,1.09,0.81,7.66,0,2.217245241,0,0,4.4
Chemsdine,Talbi,MID,Southampton,5.0000,33,561,6,1,2,4,3.3,0.16,0.05,0.21,1.12,0.32,5.29,0,5.294117647,0.160427807,0.320855615,6.6
Wilson,Isidor,FWD,Southampton,5.6000,39,608,7,4,0,3,3.9,0.35,0,0.35,1.22,1.04,2.81,0,5.773026316,0.592105263,0,6.964285714
Eliezer,"Mayenda Dossou",FWD,Southampton,5.4000,15,257,3,1,0,2,2.5,0.16,0.02,0.18,0.98,0.35,2.45,0,5.252918288,0.350194553,0,2.777777778
Granit,Xhaka,MID,Southampton,5.1000,49,900,10,1,3,4,4.9,0.04,0.11,0.15,1.14,0.8,12,0,4.9,0.1,0.3,9.607843137
Robin,Roefs,GK,Southampton,4.7000,54,900,10,0,0,4,5.4,0,0,0,1.14,0.8,0,3.4,5.4,0,0,11.4893617
Omar,Alderete,DEF,Southampton,4.1000,45,667,7,1,1,3,5.6,0.08,0.05,0.13,1.25,0.81,9.72,0,6.071964018,0.134932534,0.134932534,10.97560976
Nordi,Mukiele,DEF,Southampton,4.2000,47,720,8,1,0,3,5.9,0.06,0.08,0.14,1.22,0.75,10.62,0,5.875,0.125,0,11.19047619
Lutsharel,Geertruida,DEF,Southampton,4.5000,9,251,2,0,0,0,1.3,0.12,0.09,0.21,1.61,0.72,6.45,0,3.227091633,0,0,2
Bertrand,TraorA,MID,Southampton,5.5000,11,295,4,0,1,1,2.2,0.12,0.04,0.16,1.33,1.22,5.8,0,3.355932203,0,0.305084746,2
Guglielmo,Vicario,GK,Tottenham,5.1000,46,900,10,0,0,4,4.6,0,0,0,1.44,0.8,0,3.4,4.6,0,0,9.019607843
Pedro,"Porro Sauceda",DEF,Tottenham,5.5000,44,797,9,0,2,4,4.4,0.01,0.14,0.15,1.34,0.79,6.55,0,4.968632371,0,0.225846926,8
Cristian,Romero,DEF,Tottenham,5.0000,33,660,7,0,1,3,4.1,0.01,0.03,0.04,1.4,0.68,7.91,0,4.5,0,0.136363636,6.6
Kevin,Danso,DEF,Tottenham,4.3000,12,255,3,0,0,1,2,0,0.02,0.02,1.54,1.06,13.06,0,4.235294118,0,0,2.790697674
Djed,Spence,DEF,Tottenham,4.5000,30,668,8,0,0,4,3.3,0.02,0.03,0.05,1.49,0.67,4.45,0,4.041916168,0,0,6.666666667
Destiny,Udogie,DEF,Tottenham,4.4000,8,318,3,0,0,0,1.3,0.01,0.07,0.08,1.58,1.13,4.53,0,2.264150943,0,0,1.818181818
Micky,"van de Ven",DEF,Tottenham,4.8000,57,889,10,3,0,4,5.7,0.19,0.03,0.22,1.45,0.81,5.77,0,5.770528684,0.303712036,0,11.875
Brennan,Johnson,MID,Tottenham,6.7000,27,377,4,2,0,3,2.7,0.23,0.04,0.27,1.76,0.24,6.68,0,6.445623342,0.477453581,0,4.029850746
Mohammed,Kudus,MID,Tottenham,6.6000,45,875,10,1,5,4,4.5,0.15,0.14,0.29,1.43,0.82,6.89,0,4.628571429,0.102857143,0.514285714,6.818181818
Mathys,Tel,MID,Tottenham,6.3000,17,235,3,1,0,1,2.4,0.07,0.02,0.09,0.82,0.77,6.51,0,6.510638298,0.382978723,0,2.698412698
Rodrigo,Bentancur,MID,Tottenham,5.3000,34,644,8,1,1,2,3.8,0.05,0.06,0.11,1.5,1.12,12.16,0,4.751552795,0.139751553,0.139751553,6.41509434
Lucas,Bergvall,MID,Tottenham,5.4000,24,409,5,1,1,2,2.7,0.13,0.05,0.18,1.07,0.66,8.8,0,5.281173594,0.2200489,0.2200489,4.444444444
Wilson,Odobert,MID,Tottenham,5.3000,12,331,3,0,0,0,1.3,0.18,0.12,0.3,1.22,1.36,5.98,0,3.262839879,0,0,2.264150943
"Pape Matar",Sarr,MID,Tottenham,4.9000,35,480,5,2,2,3,3.9,0.14,0.06,0.2,1.68,0.38,10.69,0,6.5625,0.375,0.375,7.142857143
Richarlison,"de Andrade",FWD,Tottenham,6.5000,38,541,5,3,2,2,3.8,0.34,0.09,0.43,1.44,0.83,6.49,0,6.321626617,0.499075786,0.33271719,5.846153846
"JoAo Maria","Lobo Alves Palhares Costa Palhinha GonAalves",MID,Tottenham,5.5000,48,783,9,2,1,3,4.8,0.07,0.04,0.11,1.51,0.92,11.49,0,5.517241379,0.229885057,0.114942529,8.727272727
Xavi,Simons,MID,Tottenham,6.7000,18,452,5,0,1,2,2.6,0.06,0.12,0.18,1.42,1,9.16,0,3.584070796,0,0.199115044,2.686567164
Alphonse,Areola,GK,"West Ham",4.3000,13,540,6,0,0,0,2.2,0,0,0,1.69,1.67,0,3.17,2.166666667,0,0,3.023255814
"El Hadji Malick",Diouf,DEF,"West Ham",4.4000,30,855,9,0,4,1,3,0.02,0.08,0.1,1.48,2.11,6.63,0,3.157894737,0,0.421052632,6.818181818
Maximilian,Kilman,DEF,"West Ham",4.3000,19,900,10,0,0,1,1.9,0.05,0.02,0.07,1.56,2.1,9.1,0,1.9,0,0,4.418604651
Konstantinos,Mavropanos,DEF,"West Ham",4.4000,17,495,5,0,0,1,2.8,0.08,0.01,0.09,1.51,1.64,10.73,0,3.090909091,0,0,3.863636364
Nayef,Aguerd,DEF,"West Ham",4.4000,3,180,2,0,0,0,1.5,0.05,0.02,0.07,1.71,4,7.5,0,1.5,0,0,0.681818182
Jean-Clair,Todibo,DEF,"West Ham",4.3000,6,396,5,0,0,0,1.2,0,0.01,0.01,1.5,2.27,8.64,0,1.363636364,0,0,1.395348837
Aaron,Wan-Bissaka,DEF,"West Ham",4.3000,11,471,5,0,1,0,1.8,0,0.05,0.05,1.69,2.68,6.5,0,2.101910828,0,0.191082803,2.558139535
Lucas,"Tolentino Coelho de Lima",MID,"West Ham",5.9000,41,877,10,3,0,1,4.1,0.18,0.11,0.29,1.55,2.16,9.34,0,4.207525656,0.307867731,0,6.949152542
TomA?A?,SouAek,MID,"West Ham",5.7000,14,394,5,1,0,1,2,0.34,0,0.34,1.67,2.97,9.37,0,3.197969543,0.228426396,0,2.456140351
James,Ward-Prowse,MID,"West Ham",5.7000,11,414,5,0,0,1,2.2,0.03,0.2,0.23,1.58,2.39,4.78,0,2.391304348,0,0,1.929824561
Crysencio,Summerville,MID,"West Ham",5.5000,18,557,7,0,2,0,2.2,0.11,0.07,0.18,1.7,1.94,8.89,0,2.908438061,0,0.323159785,3.272727273
Freddie,Potts,MID,"West Ham",4.4000,6,221,1,0,0,0,1.2,0,0.03,0.03,1.1,1.63,10.18,0,2.443438914,0,0,1.363636364
Jarrod,Bowen,FWD,"West Ham",7.7000,44,900,10,3,1,1,4.4,0.13,0.12,0.25,1.56,2.1,5.8,0,4.4,0.3,0.1,5.714285714
Niclas,Fulkrug,FWD,"West Ham",5.6000,10,379,5,0,0,1,1.7,0.2,0.04,0.24,1.41,2.14,4.04,0,2.374670185,0,0,1.785714286
Kyle,Walker-Peters,DEF,"West Ham",4.3000,14,458,5,0,0,1,1.6,0.03,0.01,0.04,1.39,1.38,5.31,0,2.751091703,0,0,3.255813953
Callum,Wilson,FWD,"West Ham",5.8000,15,295,2,1,0,1,2.1,0.37,0.02,0.39,1.45,1.83,3.05,0,4.576271186,0.305084746,0,2.586206897
Mads,Hermansen,GK,"West Ham",4.4000,9,360,4,0,0,1,2.2,0,0,0,1.36,2.75,0,2.25,2.25,0,0,2.045454545
"Mateus GonAalo","Espanha Fernandes",MID,"West Ham",5.5000,27,552,7,1,1,1,3.4,0.08,0.06,0.14,1.45,1.47,7.99,0,4.402173913,0.163043478,0.163043478,4.909090909
Sam,Johnstone,GK,Wolves,4.5000,13,540,6,0,0,0,2.2,0,0,0,1.17,1.83,0,3.17,2.166666667,0,0,2.888888889
JosA,"Malheiro de SA?",GK,Wolves,4.3000,5,360,4,0,0,0,1.2,0,0.01,0.01,1.54,2.75,0,1.25,1.25,0,0,1.162790698
Emmanuel,Agbadou,DEF,Wolves,4.3000,11,560,6,0,0,0,1.4,0.06,0.04,0.1,1.39,2.73,10.61,0,1.767857143,0,0,2.558139535
Matt,Doherty,DEF,Wolves,4.4000,2,291,4,0,0,0,0.5,0.02,0.02,0.04,1.57,1.86,8.04,0,0.618556701,0,0,0.454545455
Hugo,"Bueno LA3pez",DEF,Wolves,4.4000,20,702,7,0,0,1,2,0.03,0.15,0.18,1.18,1.67,7.05,0,2.564102564,0,0,4.545454545
Yerson,"Mosquera Valdelamar",DEF,Wolves,4.3000,1,182,2,0,0,0,0.2,0.02,0,0.02,1.44,2.97,5.93,0,0.494505495,0,0,0.23255814
Rodrigo,"Martins Gomes",DEF,Wolves,4.5000,13,331,4,1,0,0,2.2,0.26,0.06,0.32,1.17,2.45,4.89,0,3.534743202,0.271903323,0,2.888888889
Santiago,"Ignacio Bueno",DEF,Wolves,4.4000,24,574,6,1,1,0,3.4,0.13,0.07,0.2,1.24,2.04,9.88,0,3.763066202,0.156794425,0.156794425,5.454545455
Toti,Gomes,DEF,Wolves,4.3000,5,435,6,0,0,0,0.7,0.01,0.04,0.05,1.55,2.9,6.41,0,1.034482759,0,0,1.162790698
Ki-Jana,Hoever,DEF,Wolves,3.9000,5,249,4,0,0,0,1,0.01,0.11,0.12,1.52,2.89,7.23,0,1.807228916,0,0,1.282051282
Hwang,Hee-chan,MID,Wolves,5.8000,14,297,4,1,0,0,2,0.2,0.04,0.24,1.62,1.52,3.64,0,4.242424242,0.303030303,0,2.413793103
AndrA,"Trindade da Costa Neto",MID,Wolves,5.4000,24,613,7,0,0,0,2.4,0.01,0.03,0.04,1.51,1.91,13.51,0,3.52365416,0,0,4.444444444
Jean-Ricner,Bellegarde,MID,Wolves,5.2000,11,405,5,0,0,0,1.2,0.08,0.1,0.18,1.37,3.11,6.22,0,2.444444444,0,0,2.115384615
"JoAo Victor","Gomes da Silva",MID,Wolves,5.3000,22,745,8,0,0,1,2.2,0.04,0.05,0.09,1.42,2.05,12.08,0,2.657718121,0,0,4.150943396
Marshall,Munetsi,MID,Wolves,5.4000,35,782,8,1,2,0,3.5,0.16,0.04,0.2,1.28,1.96,7.94,0,4.028132992,0.115089514,0.230179028,6.481481481
"JA rgen","Strand Larsen",FWD,Wolves,6.4000,19,617,7,1,0,2,2.4,0.22,0.05,0.27,1.17,1.9,2.92,0,2.771474878,0.145867099,0,2.96875
Jhon,Arias,MID,Wolves,5.1000,19,545,7,0,0,1,1.9,0.19,0.06,0.25,1.15,1.65,10.24,0,3.137614679,0,0,3.725490196
Jackson,Tchatchoua,DEF,Wolves,4.5000,11,427,3,0,0,0,1.2,0.05,0.02,0.07,1.24,2.53,6.96,0,2.318501171,0,0,2.444444444
Ladislav,KrejcA,DEF,Wolves,4.5000,16,630,7,1,1,0,2.3,0.13,0.14,0.27,1.07,2,6.86,0,2.285714286,0.142857143,0.142857143,3.555555556
Tolu,Arokodare,FWD,Wolves,5.5000,9,208,2,0,0,0,1.3,0.18,0.01,0.19,1.3,3.46,5.19,0,3.894230769,0,0,1.636363636
